theta,x,y,r
0.0,-11.882965669678622,-1.455243587174981e-15,11.882965669678622
0.005240354718248195,-11.901257086765813,-0.06236737962557122,11.90142050073582
0.01048070943649639,-11.917925819899093,-0.1249128913343471,11.91858041375058
0.015721064154744585,-11.932874094385332,-0.1876129357382281,11.93434886225926
0.02096141887299278,-11.94600737955962,-0.2504419454348737,11.948632284932286
0.026201773591240977,-11.957234704765103,-0.3133724733024437,11.961340396956468
0.03144212830948917,-11.966468965376231,-0.3763752899324191,11.972386472971218
0.03668248302773737,-11.97362721790562,-0.43941948984092055,11.981687620757867
0.04192283774598556,-11.978630963267673,-0.5024726060645088,11.989165044906182
0.047163192464233755,-11.981406417308177,-0.5655007327130515,11.99474429970946
0.052403547182481955,-11.981884767747767,-0.6284686550206883,11.99835553056874
0.05764390190073015,-11.980002416728585,-0.6913399864058783,11.999933703217964
0.06288425661897834,-11.975701208197485,-0.7540773120232641,11.999418820115038
0.06812461133722654,-11.968928639405467,-0.8166423382637155,11.996756123378738
0.07336496605547474,-11.959638055851592,-0.8789960476344936,11.991896283688027
0.07860532077372293,-11.9477888290505,-0.9410988584291159,11.984795574598698
0.08384567549197113,-11.933346516555266,-1.0029107885763253,11.975416031772111
0.08908603021021932,-11.916283003721706,-1.0643916230394326,11.963725596651877
0.09432638492846751,-11.896576626756515,-1.1255010841217858,11.949698244167035
0.09956673964671571,-11.874212276648887,-1.186199004020528,11.933314094083773
0.10480709436496391,-11.84918148364429,-1.246445498959955,11.914559505672724
0.11004744908321211,-11.82148248197858,-1.3062011442271604,11.89342715540423
0.1152878038014603,-11.79112025465162,-1.3654271494266126,11.869916097430806
0.1205281585197085,-11.7581065580808,-1.4240855332666922,11.84403180666289
0.12576851323795668,-11.722459926536768,-1.4821392971901703,11.815786204291943
0.1310088679562049,-11.684205656325878,-1.5395525971620294,11.785197665662889
0.13624922267445308,-11.64337576974615,-1.5962909129320544,11.752291010446482
0.14148957739270127,-11.600008958905715,-1.6523212140959767,11.717097475110652
0.14672993211094948,-11.554150509554598,-1.7076121222881113,11.679654667738514
0.15197028682919766,-11.50585220514225,-1.762134068849699,11.640006505289316
0.15721064154744585,-11.455172211373768,-1.8158594473311103,11.598203133446638
0.16245099626569406,-11.402174941597865,-1.8687627602023176,11.55430082924628
0.16769135098394225,-11.346930903418311,-1.9208207591645936,11.508361886723373
0.17293170570219044,-11.289516526978293,-1.9720125784772802,11.460454485865236
0.17817206042043865,-11.23001397542323,-2.022319860736489,11.410652545202238
0.18341241513868684,-11.168510938102202,-2.0717268745678146,11.359035558414062
0.18865276985693502,-11.105100407121027,-2.1202206237222545,11.305688415372892
0.19389312457518323,-11.0398804379108,-2.1677909470938426,11.250701208087769
0.19913347929343142,-10.97295389452473,-2.2144306092083608,11.194169022056276
0.2043738340116796,-10.904428180422354,-2.2601353807652855,11.136191713569598
0.20961418872992782,-10.834414955544784,-2.304904108849524,11.076873673556266
0.214854543448176,-10.76302984052606,-2.348738776465343,11.01632357858675
0.22009489816642422,-10.690392108924668,-2.39164455108213,10.954654129696639
0.2253352528846724,-10.61662436839581,-2.433629821920228,10.891981779720126
0.2305756076029206,-10.541852231758044,-2.474706225744613,10.828426449856932
0.2358159623211688,-10.466203978938596,-2.5148886609749685,10.764111236226174
0.241056317039417,-10.389810210808651,-2.5541952899619504,10.699162107187998
0.24629667175766518,-10.312803495944477,-2.5926475293219187,10.63370759224005
0.25153702647591336,-10.23531801137064,-2.6302700282648215,10.56787846331876
0.25677738119416155,-10.157489178359722,-2.6670906348932757,10.501807409357223
0.2620177359124098,-10.079453294376858,-2.703140350494154,10.435628704970014
0.267258090630658,-10.001347162268353,-2.7384532718874715,10.369477874151833
0.27249844534890616,-9.923307717801345,-2.7730665219408532,10.303491349891301
0.27773880006715435,-9.845471656665081,-2.8070201684009723,10.237806130612421
0.28297915478540253,-9.767975062045481,-2.8403571312363347,10.172559434365942
0.2882195095036507,-9.690953033881193,-2.873123078727985,10.107888351698909
0.29345986422189896,-9.614539320903642,-2.9053663125864873,10.043929498135412
0.29870021894014714,-9.538865956553439,-2.9371376424143976,9.980818667202694
0.30394057365839533,-9.464062899852514,-2.9684902498732506,9.918690484935869
0.3091809283766435,-9.390257682295212,-2.9994795429530554,9.857678066791292
0.3144212830948917,-9.317575061801374,-3.0301630007796696,9.797912677892008
0.31966163781313994,-9.246136684752157,-3.060600009431808,9.739523397520722
0.32490199253138813,-9.17606075710269,-3.0908516892739297,9.682636788764075
0.3301423472496363,-9.10746172553717,-3.1209807143444674,9.627376574198944
0.3353827019678845,-9.040449969599576,-3.1510511243700567,9.57386331849514
0.3406230566861327,-8.975131505698462,-3.1811281300058,9.522214118790615
0.34586341140438087,-8.911607703846817,-3.2112779119292436,9.47254230367469
0.3511037661226291,-8.84997501795753,-3.241567414440843,9.424957141591523
0.3563441208408773,-8.790324730472582,-3.272064134247113,9.379563559451164
0.3615844755591255,-8.732742712058856,-3.3028359051234015,9.336461872207769
0.36682483027737367,-8.67730919705646,-3.3339506791719464,9.295747524135523
0.37206518499562186,-8.624098575315971,-3.3654763054069123,9.257510842500931
0.37730553971387004,-8.573179201010117,-3.3974803064118615,9.22183680429712
0.3825458944321183,-8.524613218952444,-3.430029653826239,9.188804816670451
0.38778624915036647,-8.47845640890102,-3.463190543425958,9.158488511632788
0.39302660386861465,-8.434758048269721,-3.4970281705691253,9.130955555614367
0.39826695858686284,-8.393560793612412,-3.531606506781291,9.106267474372109
0.403507313305111,-8.354900581187492,-3.5669880782550676,9.084479493726697
0.4087476680233592,-8.318806546851423,-3.603233747036996,9.065640396559107
0.41398802274160745,-8.285300965470396,-3.640402495669708,9.049792396453242
0.41922837745985564,-8.254399209979372,-3.6785512160499803,9.036971028326409
0.4244687321781038,-8.226109730157603,-3.7177345032531974,9.027205056343458
0.429709086896352,-8.200434051129365,-3.7580044550618945,9.020516399363565
0.4349494416146002,-8.17736679153866,-3.7994104779207936,9.016920074121407
0.44018979633284844,-8.156895701286654,-3.841999100022749,9.016424156296347
0.4454301510510966,-8.139001718661389,-3.885813792209572,9.019029759574982
0.4506705057693448,-8.123659046630575,-3.9308947973489103,9.024731032763665
0.455910860487593,-8.110835248010488,-3.9772789688230015,9.033515174958811
0.4611512152058412,-8.100491359167256,-4.024999618737607,9.045362468733979
0.46639156992408937,-8.092582021851259,-4.074086376429674,9.060246331253918
0.4716319246423376,-8.08705563271125,-4.124565057820344,9.078133383177363
0.4768722793605858,-8.083854509982144,-4.1764575461260325,9.09898353516214
0.482112634078834,-8.08291507678972,-4.2297816844045375,9.122750091738709
0.48735298879708217,-8.084168060466268,-4.284551180375436,9.149379872271098
0.49259334351533035,-8.087538707224553,-4.340775523914792,9.1788133486782
0.49783369823357854,-8.092947011492347,-4.398459917583426,9.21098479954293
0.5030740529518267,-8.100307959167669,-4.4576052205056556,9.245822480192574
0.508314407670075,-8.109531784014575,-4.518207905872031,9.283248808290509
0.5135547623883231,-8.120524236381996,-4.580260032294853,9.323180564437495
0.5187951171065713,-8.133186863393293,-4.643749229199744,9.365529107240363
0.5240354718248196,-8.147417299722228,-4.708658696390066,9.410200602266821
0.5292758265430677,-8.163109568041763,-4.7749672178738685,9.457096264267648
0.534516181261316,-8.180154388206084,-4.842649189995456,9.506112612011858
0.5397565359795641,-8.198439494202885,-4.911674663865688,9.557141735046404
0.5449968906978123,-8.217849957893044,-4.982009402036934,9.610071571659969
0.5502372454160606,-8.238268518537735,-5.05361494932044,9.664786197300227
0.5554776001343087,-8.259575917099413,-5.126448717595809,9.72116612266596
0.5607179548525569,-8.28165123429249,-5.200464084414495,9.779088600669462
0.5659583095708051,-8.304372231352385,-5.275610505151949,9.838427941440958
0.5711986642890533,-8.327615692487498,-5.3518336384163465,9.899055834525269
0.5764390190073014,-8.351257767978087,-5.429075484375954,9.96084167740188
0.5816793737255497,-8.375174316888382,-5.507274535622177,10.023652909442706
0.5869197284437979,-8.399241248364289,-5.586365940141564,10.08735535040765
0.592160083162046,-8.423334860497778,-5.66628167592733,10.151813542566025
0.5974004378802943,-8.447332175751402,-5.746950736719732,10.216891095522572
0.6026407925985424,-8.471111271951633,-5.828299328325113,10.282451032819996
0.6078811473167907,-8.494551607878032,-5.91025107492519,10.348356139385503
0.6131215020350389,-8.517534342496694,-5.992727234752149,10.41446930888707
0.618361856753287,-8.539942646910653,-6.075646924470784,10.480653890065955
0.6236022114715353,-8.561662008127103,-6.158927351576758,10.546774031115264
0.6288425661897834,-8.582580523771048,-6.242484054090029,10.612695021180171
0.6340829209080316,-8.60258918690767,-6.326231146794816,10.678283628063905
0.6393232756262799,-8.62158216017045,-6.410081573252103,10.743408431234265
0.644563630344528,-8.639457038429814,-6.493947362787818,10.807940149239045
0.6498039850627763,-8.65611509927647,-6.577739891639659,10.871751960654262
0.6550443397810244,-8.671461540635585,-6.661370147427743,10.934719817707428
0.6602846944992726,-8.68540570487174,-6.744748996099454,10.9967227517385
0.6655250492175208,-8.697861288790229,-6.8277874504866825,11.057643169683992
0.670765403935769,-8.708746538987652,-6.910396939604314,11.117367140794716
0.6760057586540172,-8.717984432053663,-6.9924895778124,11.17578467282477
0.6812461133722654,-8.725502839175878,-7.073978432960812,11.232789976958575
0.6864864680905136,-8.731234674751649,-7.15477779263469,11.288281720774162
0.6917268228087617,-8.735118028662628,-7.2348034276210855,11.342163268573799
0.69696717752701,-8.737096281921668,-7.313972851722582,11.394342908448227
0.7022075322452582,-8.737118205455438,-7.392205577051758,11.444734065477274
0.7074478869635064,-8.735138041840866,-7.469423363951458,11.493255500508088
0.7126882416817546,-8.731115569868333,-7.545550464699726,11.539831493991906
0.7179285964000027,-8.725016151859494,-7.620513860175079,11.584392014401512
0.723168951118251,-8.716810763722858,-7.694243488677437,11.626872870794184
0.7284093058364991,-8.706476007784792,-7.766672466122289,11.667215849128457
0.7336496605547473,-8.693994108488225,-7.837737296850731,11.705368831987865
0.7388900152729956,-8.679352891105136,-7.90737807432565,11.741285901410507
0.7441303699912437,-8.662545743662005,-7.975538671014473,11.774927424569716
0.749370724709492,-8.643571562329761,-8.042166916791436,11.80626012209838
0.7546110794277401,-8.622434680580815,-8.107214765227377,11.835257118897061
0.7598514341459883,-8.599144782465746,-8.170638447172038,11.86189797731433
0.7650917888642366,-8.573716800410821,-8.232398611073222,11.886168712636005
0.7703321435824847,-8.546170797984454,-8.29246044951838,11.908061790868771
0.7755724983007329,-8.516531838126122,-8.350793811527257,11.927576108852035
0.7808128530189811,-8.484829837374699,-8.407373300169114,11.944716956780535
0.7860532077372293,-8.451099406674748,-8.462178355124353,11.95949596326841
0.7912935624554776,-8.415379679378734,-8.515193319858325,11.97193102313325
0.7965339171737257,-8.377714127100393,-8.566407493124041,11.982046208126107
0.8017742718919739,-8.338150364109344,-8.615815164560933,11.989871660880066
0.807014626610222,-8.296739940989585,-8.663415634207814,11.995443472396019
0.8122549813284703,-8.253538128314476,-8.709213215800286,11.998803543429286
0.8174953360467184,-8.20860369111801,-8.753217223775374,11.99999943018474
0.8227356907649667,-8.16199865496709,-8.795441943959263,11.999084174771111
0.8279760454832149,-8.11378806446115,-8.83590658796728,11.996116120906624
0.833216400201463,-8.0640397350047,-8.87463523139882,11.99115871540861
0.8384567549197113,-8.012823998714508,-8.911656735963096,11.984280296038289
0.8436971096379594,-7.960213445336378,-8.947004655724914,11.975553866309372
0.8489374643562076,-7.90628265905691,-8.980717127712143,11.965056857904447
0.8541778190744559,-7.851107952102829,-9.012836747178856,11.952870881376985
0.859418173792704,-7.79476709602505,-9.04341042786933,11.939081465848641
0.8646585285109523,-7.737339051565836,-9.072489247678432,11.923777788441315
0.8698988832292004,-7.6789036980059775,-9.100128280153294,11.907052394211409
0.8751392379474486,-7.619541562884366,-9.126386412329156,11.889000907379415
0.8803795926656969,-7.5593335529747465,-9.15132614943871,11.869721734671396
0.885619947383945,-7.49836068739425,-9.17501340707939,11.849315761610294
0.8908603021021932,-7.436703833704992,-9.197517291466172,11.827886042613944
0.8961006568204414,-7.374443447854042,-9.218909868438827,11.805537485773199
0.9013410115386896,-7.311659318778428,-9.239265921931798,11.782376533197777
0.9065813662569377,-7.248430318480341,-9.258662702652073,11.758510837829151
0.911821720975186,-7.184834158353893,-9.277179667745198,11.734048937629066
0.9170620756934342,-7.120947152518326,-9.294898212261975,11.709099928058933
0.9223024304116824,-7.0568439888837515,-9.311901393268279,11.683773133769607
0.9275427851299306,-6.992597508644458,-9.328273647467684,11.658177780422665
0.9327831398481787,-6.928278494861634,-9.344100503230992,11.632422667563446
0.938023494566427,-6.863955470762082,-9.359468287948602,11.606615843462738
0.9432638492846752,-6.799694508342225,-9.37446383164022,11.580864282837876
0.9485042040029233,-6.7355590478280165,-9.389174167772389,11.555273568355801
0.9537445587211716,-6.671609728500456,-9.403686232246987,11.529947576809422
0.9589849134394197,-6.607904231354604,-9.418086561533565,11.504988170845428
0.964225268157668,-6.54449713401639,-9.432460990924897,11.48049489710564
0.9694656228759161,-6.481439778296971,-9.446894353898614,11.45656469162601
0.9747059775941643,-6.418780150718694,-9.461470183567899,11.433291593316628
0.9799463323124126,-6.356562776300168,-9.476270417201384,11.410766466323416
0.9851866870306607,-6.294828625840683,-9.49137510478608,11.389076732047084
0.9904270417489089,-6.233615036896428,-9.50686212259808,11.368306111567867
0.9956673964671571,-6.172955648592619,-9.522806892733005,11.348534379195172
1.0009077511854052,-6.1128803503674,-9.539282109532836,11.329837127830263
1.0061481059036534,-6.053415244694612,-9.556357473826889,11.312285546796817
1.0113884606219017,-5.994582623784316,-9.57409943588309,11.295946212759414
1.01662881534015,-5.936400960211698,-9.592570947940949,11.280880894313311
1.0218691700583982,-5.878884911377314,-9.611831227170127,11.267146370790726
1.0271095247766462,-5.822045337654432,-9.631935529867985,11.254794265789
1.0323498794948944,-5.765889334032893,-9.652934937676457,11.243870895884971
1.0375902342131427,-5.710420275023434,-9.674876156562862,11.234417134957528
1.042830588931391,-5.6556378725419085,-9.697801329270863,11.22646829449663
1.0480709436496392,-5.6015382464496195,-9.721747861907254,11.22005402023253
1.0533112983678872,-5.548114007384207,-9.746748265287211,11.215198205373461
1.0585516530861354,-5.495354351474882,-9.772830011615605,11.211918920693664
1.0637920078043837,-5.4432451664972055,-9.80001540703482,11.210228361666637
1.069032362522632,-5.391769148985427,-9.828321480520584,11.210132812790995
1.0742727172408801,-5.3409059317852385,-9.857759889556663,11.21163262920842
1.0795130719591282,-5.290632221496534,-9.88833684296704,11.2147222356649
1.0847534266773764,-5.240921945224609,-9.920053041230592,11.219390142818156
1.0899937813956246,-5.191746406029317,-9.952903634548498,11.225618980845868
1.0952341361138729,-5.143074446434827,-9.986878198878724,11.233385550260886
1.1004744908321211,-5.0948726193385045,-10.02196073009522,11.242660889791878
1.1057148455503691,-5.0471053656352565,-10.058129656372108,11.253410361140142
1.1109552002686174,-4.999735197854398,-10.095357868835155,11.265593750376233
1.1161955549868656,-4.952722889089159,-10.133612770464694,11.279165385693783
1.1214359097051139,-4.906027666484623,-10.172856343175718,11.294074271192084
1.126676264423362,-4.859607408538307,-10.213045232942719,11.310264236314481
1.1319166191416101,-4.813418845458498,-10.25413085277859,11.327674100525703
1.1371569738598584,-4.767417761819277,-10.296059503319517,11.346237852768912
1.1423973285781066,-4.721559200747471,-10.338772510710644,11.365884845201855
1.1476376832963548,-4.675797668875935,-10.382206381431144,11.386540000671635
1.1528780380146029,-4.630087341299375,-10.426292973642125,11.40812403334921
1.158118392732851,-4.584382265773314,-10.470959684586733,11.43055368190787
1.1633587474510994,-4.538636565404134,-10.516129653519151,11.453741954594937
1.1685991021693476,-4.49280463908766,-10.561721979587904,11.477598385512444
1.1738394568875958,-4.446841358966285,-10.607651954049489,11.502029301391257
1.1790798116058439,-4.400702264189398,-10.653831306140528,11.526938098113552
1.184320166324092,-4.3543437502792495,-10.700168461891142,11.552225526211206
1.1895605210423403,-4.307723253424121,-10.746568815118463,11.57778998454228
1.1948008757605886,-4.260799429042702,-10.792935009798281,11.60352782132486
1.2000412304788368,-4.213532323987878,-10.839167232973702,11.629333641686504
1.2052815851970848,-4.165883541784577,-10.885163517323692,11.65510062086923
1.210521939915333,-4.117816400324754,-10.930820052480659,11.680720822213704
1.2157622946335813,-4.069296081473085,-10.976031504155538,11.7060855190327
1.2210026493518296,-4.020289772069055,-11.020691340100917,11.731085519472543
1.2262430040700778,-3.9707667958452246,-11.064692161917952,11.755611493452626
1.2314833587883258,-3.9206987358168286,-11.107926041690847,11.77955430076662
1.236723713506574,-3.870059546734946,-11.150284862414285,11.802805319425524
1.2419640682248223,-3.8188256572337522,-11.191660661163498,11.825256773321303
1.2472044229430705,-3.766976061341767,-11.23194597394476,11.846802058291335
1.2524447776613188,-3.714492399067635,-11.271034181155118,11.86733606566774
1.2576851323795668,-3.661359025812277,-11.308819852574773,11.886755502402089
1.262925487097815,-3.607563070401446,-11.345199090813452,11.904959206864957
1.2681658418160633,-3.5530944815754735,-11.380069872133419,11.921848459431146
1.2734061965343115,-3.497946062816074,-11.413332383576467,11.937327286975329
1.2786465512525598,-3.442113495433674,-11.444889355330469,11.951302760419187
1.2838869059708078,-3.3855953498821965,-11.474646387282299,11.963685284489669
1.289127260689056,-3.3283930853118857,-11.502512268719087,11.974388878869147
1.2943676154073043,-3.2705110374141424,-11.528399290157635,11.983331449941407
1.2996079701255525,-3.2119563946553424,-11.552223546303294,11.990435052362846
1.3048483248438005,-3.1527391630392967,-11.573905229164279,11.995626139716007
1.3100886795620488,-3.092872119579856,-11.593368910374851,11.998835803531964
1.315329034280297,-3.0323707547064824,-11.61054381181178,12.0
1.3205693889985453,-2.971253203865688,-11.625364063621968,11.999059763716287
1.3258097437167935,-2.9095401686206,-11.637768948815713,11.99596140785873
1.3310500984350415,-2.8472548275888223,-11.647703133619402,11.990656710212125
1.3362904531532898,-2.784422737595419,-11.65511688282304,11.983103084506325
1.341530807871538,-2.721071725453154,-11.659966259402745,11.97326373657037
1.3467711625897862,-2.65723177081558,-11.66221330774458,11.961107804846776
1.3520115173080345,-2.592934880580699,-11.661826219845416,11.94661048485327
1.3572518720262825,-2.5282149553528765,-11.658779483917156,11.929753137222812
1.3624922267445307,-2.4631076484990078,-11.653054014873668,11.910523378997986
1.367732581462779,-2.3976502183611417,-11.644637266234307,11.888915157901499
1.3729729361810272,-2.3318813742118056,-11.633523323034074,11.86492880935127
1.3782132908992755,-2.2658411165603183,-11.61971297538796,11.838571096035816
1.3834536456175235,-2.199570572437992,-11.603213772415804,11.80985522991349
1.3886940003357717,-2.1331118263075157,-11.584040056293793,11.778800876547328
1.39393435505402,-2.066507747256832,-11.562212976259271,11.745434141735705
1.3991747097722682,-1.9998018131503255,-11.537760482456896,11.709787540447664
1.4044150644905165,-1.9330379324203075,-11.510717299575827,11.671899948120272
1.4096554192087645,-1.8662602641893382,-11.48112488028961,11.631816534423898
1.4148957739270127,-1.799513037419028,-11.449031338572633,11.589588679649477
1.420136128645261,-1.7328403697835155,-11.414491363028729,11.545273873919532
1.4253764833635092,-1.6662860869657712,-11.377566110429346,11.498935599472068
1.4306168380817574,-1.5998935430723977,-11.338323079719673,11.450643196312972
1.4358571928000055,-1.5337054428574943,-11.296835966811551,11.400471711578332
1.4410975475182537,-1.467763666438581,-11.253184500541513,11.348501732992993
1.446337902236502,-1.402109097177577,-11.20745426023069,11.294819206855468
1.4515782569547502,-1.3367814533872646,-11.159736475340512,11.239515241021993
1.4568186116729982,-1.2718191245088732,-11.110127807773756,11.182685893403882
1.4620589663912464,-1.2072590123891473,-11.058730117424622,11.124431946532336
1.4672993211094947,-1.1431363782658626,-11.005650211633872,11.064858668783415
1.472539675827743,-1.0794846960489557,-10.950999579255116,11.004075562892579
1.4777800305459912,-1.0163355124607598,-10.894894110086877,10.942196102423617
1.4830203852642392,-0.9537183145729239,-10.837453800470655,10.879337456889903
1.4882607399824874,-0.8916604052498478,-10.778802445898949,10.81562020625759
1.4935010947007357,-0.8301867869788814,-10.719067321517917,10.751168045589633
1.498741449418984,-0.7693200545361306,-10.6583788514478,10.686107480617121
1.5039818041372321,-0.7090802969038249,-10.596870267879465,10.620567515049515
1.5092221588554802,-0.6494850088206934,-10.534677260938086,10.554679330458542
1.5144625135737284,-0.590549012310969,-10.471937620334357,10.488575959591248
1.5197028682919766,-0.5322843885005926,-10.408790869849987,10.422391953986086
1.524943223010225,-0.474700419990923,-10.345377895727472,10.35626304678218
1.5301835777284731,-0.4178035440211498,-10.281840570053774,10.290325811625225
1.5354239324467212,-0.36159731661056543,-10.21832137024432,10.224717318584986
1.5406642871649694,-0.30608238783113384,-10.154962995746603,10.159574788007776
1.5459046418832176,-0.25125648831959524,-10.091907983092492,10.095035243233609
1.5511449966014659,-0.19711442709660806,-10.029298320434458,10.031235163111225
1.5563853513197141,-0.14364810071860826,-9.967275062703694,9.968310135245341
1.5616257060379621,-0.09084651374601035,-9.905977948527132,9.906394510908882
1.5668660607562104,-0.03869581046942301,-9.845545020036338,9.845621062549087
1.5721064154744586,0.01282068220616824,-9.786112246693097,9.78612064480961
1.5773467701927069,0.06372240086078328,-9.727813154245498,9.728021859981771
1.582587124910955,0.11403148082476484,-9.670778459913466,9.671450728786523
1.5878274796292031,0.16377268083271937,-9.615135714884667,9.616530367374597
1.5930678343474514,0.21297329732825349,-9.56100895518016,9.56338067141584
1.5983081890656996,0.26166306872019607,-9.508518361924624,9.512118008129935
1.6035485437839478,0.3098740699285605,-9.457779932027854,9.462854917089393
1.608788898502196,0.35764059759472383,-9.408905160253564,9.415699820602505
1.614029253220444,0.40499904636529693,-9.362000733617018,9.370756744457855
1.6192696079386923,0.4519877766926765,-9.317168239016706,9.328125049784724
1.6245099626569406,0.49864697462714586,-9.27450388496499,9.287899176753347
1.6297503173751888,0.5450185041057127,-9.234098238240705,9.250168400807508
1.6349906720934368,0.5911457522712313,-9.196035976241587,9.215016602088022
1.640231026811685,0.6370734683819501,-9.16039565576718,9.182522048670204
1.6454713815299333,0.6828475968961051,-9.12724949891335,9.152757194201143
1.6507117362481816,0.7285151053387035,-9.096663196707878,9.125788490483782
1.6559520909664298,0.7741238075778448,-9.068695731063125,9.101676215514445
1.6611924456846778,0.8197221831560081,-9.043399215566401,9.080474317438767
1.666432800402926,0.8653591933374489,-9.020818755571833,9.062230274847918
1.6716731551211743,0.911084094546175,-9.000992327999176,9.046984973792929
1.6769135098394226,0.9569462498799715,-8.983950681185602,9.034772601849733
1.6821538645576708,1.0029949393943511,-8.969717255075812,9.025620559521403
1.6873942192759188,1.0492791698563302,-8.958308121974492,9.01954938921721
1.692634573994167,1.095847484671408,-8.949731948023114,9.016572722000653
1.6978749287124153,1.1427477746879982,-8.943989975500445,9.016697242250448
1.7031152834306635,1.1900270905820567,-8.941076025983431,9.019922670330098
1.7083556381489118,1.237731457520411,-8.940976524342204,9.026241763312902
1.7135959928671598,1.285905692794694,-8.943670543480305,9.035640333760474
1.718836347585408,1.3345932271086016,-8.949129869668674,9.048097286503953
1.7240767023036563,1.3838359301895151,-8.957319088260174,9.063584673328403
1.7293170570219045,1.4336739413815112,-8.968195689510148,9.0820677654125
1.7345574117401528,1.4841455058602506,-8.981710194168292,9.103505143327585
1.7397977664584008,1.5352868170914522,-8.997806298447792,9.12784880435262
1.745038121176649,1.5871318661335894,-9.016421037919898,9.15504428681485
1.7502784758948973,1.639712298362119,-9.037484969825485,9.18503081111988
1.7555188306131455,1.6930572781672109,-9.060922373240352,9.217741437089812
1.7607591853313938,1.7471933621494464,-9.086651466477987,9.253103237184034
1.7659995400496418,1.802144381308596,-9.114584641062253,9.291037485134266
1.77123989476789,1.8579313326893727,-9.14462871155372,9.33145985948402
1.7764802494861383,1.9145722809150578,-9.176685180466388,9.37428066148223
1.7817206042043865,1.9720822700053693,-9.2106505174674,9.419405046742177
1.7869609589226345,2.0304732458388206,-9.246416452010507,9.466733270039766
1.7922013136408828,2.089753989582394,-9.28387027851502,9.51616094258972
1.797441668359131,2.1499300623725994,-9.322895173165595,9.567579301104736
1.8026820230773792,2.211003761492253,-9.363370521374904,9.620875487910933
1.8079223777956275,2.2729740882464515,-9.405172254920801,9.675932841363245
1.8131627325138755,2.3358367276996366,-9.44817319774231,9.732631195776746
1.8184030872321237,2.3995840403933464,-9.492243419354693,9.79084719006445
1.823643441950372,2.4642050661213593,-9.53725059482291,9.850454584248794
1.8288837966686202,2.529685539795792,-9.583060370215293,9.911324582993073
1.8341241513868685,2.5960079193941645,-9.629536732445073,9.973326165280376
1.8393645061051165,2.66315142593395,-9.67654238239651,10.036326419351354
1.8446048608233647,2.731092095377634,-9.723939110225116,10.100190881998213
1.849845215541613,2.799802842328033,-9.771588171717463,10.164783881301007
1.8550855702598612,2.8692535353308006,-9.81935066459565,10.22996888188343
1.8603259249781094,2.9394110835586273,-9.867087903654367,10.295608831758791
1.8655662796963575,3.01023953461003,-9.914661793625108,10.361566509833281
1.8708066344146057,3.081700183114757,-9.96193519867165,10.427704873132088
1.876046989132854,3.1537516897979443,-10.00877230743433,10.4938874028154
1.8812873438511022,3.226350210616459,-10.055038992556986,10.55997844805501
1.8865276985693504,3.299449535543291,-10.100603163650277,10.625843566848648
1.8917680532875985,3.3730012365397988,-10.145335112668121,10.69134986285809
1.8970084080058467,3.4469548242210033,-10.189107850699989,10.75636631736836
1.902248762724095,3.521257912686118,-10.231797435210877,10.820764115479205
1.9074891174423432,3.595856391955431,-10.273283286793033,10.88441696565635
1.9127294721605914,3.6706946074252373,-10.313448494528183,10.947201411788601
1.9179698268788394,3.7457155457252407,-10.35218010909668,11.008997136917818
1.9232101815970877,3.82086102633763,-10.389369422810228,11.069687257832083
1.928450536315336,3.8960718983139104,-10.424912235787342,11.129158609737756
1.9336908910335842,3.971288241404873,-10.458709107535855,11.187302020253767
1.9389312457518322,4.0464495709005615,-10.49066559325366,11.244012572001042
1.9441716004700804,4.121495045461121,-10.520692464208246,11.299189853091626
1.9494119551883287,4.196363677205835,-10.548705911606465,11.352738194855622
1.954652309906577,4.270994543316681,-10.574627733418641,11.404566896179247
1.9598926646248251,4.345326998404282,-10.59838550367545,11.454590433864455
1.9651330193430732,4.419300886878307,-10.619912723811447,11.502728658459073
1.9703733740613214,4.4928567545612506,-10.639148955685934,11.54890697504659
1.9756137287795696,4.565936058783952,-10.656039935969531,11.593056508526173
1.9808540834978179,4.638481376203465,-10.670537671643364,11.635114252956289
1.9860944382160661,4.710436607588644,-10.682600516416882,11.675023204579142
1.9913347929343141,4.781747178826393,-10.692193227929929,11.712732478188205
1.9965751476525624,4.8523602374116725,-10.699287005664491,11.748197406546883
2.0018155023708104,4.922224843697055,-10.703859509551323,11.781379622612999
2.0070558570890586,4.991292156193126,-10.705894859316459,11.812247124371112
2.012296211807307,5.059515610228786,-10.705383614671925,11.840774322122472
2.017536566525555,5.126851089300983,-10.702322736513883,11.866942068130639
2.0227769212438034,5.193257088466188,-10.69671552934948,11.890737668569205
2.0280172759620516,5.258694869151056,-10.688571565231149,11.912154877766806
2.0332576306803,5.323128604787199,-10.677906589533048,11.931193874792958
2.038497985398548,5.386525516704561,-10.66474240895954,11.947861222476995
2.0437383401167963,5.448855999749629,-10.649106762228975,11.962169809000304
2.0489786948350446,5.510093737128339,-10.631033173928088,11.974138772249988
2.0542190495532924,5.570215804009184,-10.61056079208261,11.983793407169303
2.0594594042715406,5.629202759459267,-10.587734210037873,11.991165056386729
2.064699758989789,5.6870387263250795,-10.562603273289614,11.996290984451388
2.069940113708037,5.743711458710175,-10.535222871949275,11.999214236047363
2.0751804684262853,5.799212396743817,-10.505652719569786,11.99998347860326
2.0804208231445336,5.853536708377683,-10.473957119097284,11.998652829756084
2.085661177862782,5.906683317991939,-10.440204716750905,11.995281670169822
2.09090153258103,5.958654921637045,-10.404468244666948,11.989934442249144
2.0961418872992783,6.00945798878359,-10.366824253174963,11.98268043532713
2.1013822420175265,6.059102750498911,-10.327352833601907,11.973593557942777
2.1066225967357743,6.107603174016351,-10.286137332525826,11.962752097859259
2.1118629514540226,6.154976923710256,-10.243264058423224,11.950238470507221
2.117103306172271,6.201245308537318,-10.198821981673504,11.936138956568943
2.122343660890519,6.24643321605234,-10.152902428900257,11.920543429448621
2.1275840156087673,6.29056903315376,-10.10559877264214,11.903545073401425
2.1328243703270156,6.333684553761339,-10.057006117356137,11.885240093119437
2.138064725045264,6.375814873674787,-10.007220982762417,11.865727415595432
2.143305079763512,6.416998272907947,-9.956340985543546,11.845108385106395
2.1485454344817603,6.457276085838256,-9.904464520410963,11.823486452177217
2.153785789200008,6.496692559555073,-9.851690441548433,11.800966857400923
2.1590261439182563,6.535294700833562,-9.798117745436024,11.777656311005664
2.1642664986365046,6.573132112202295,-9.743845256048555,11.753662669069795
2.169506853354753,6.610256817613092,-9.688971313409912,11.729094607295167
2.174747208073001,6.6467230782601705,-9.633593466468916,11.70406129325496
2.1799875627912493,6.682587199132687,-9.577808171243552,11.678672058036042
2.1852279175094975,6.717907326919868,-9.521710495158867,11.653036068197085
2.1904682722277458,6.752743239921069,-9.465393828479016,11.627261998962108
2.195708626945994,6.787156130644218,-9.408949603706771,11.601457709565432
2.2009489816642422,6.82120838180494,-9.352467023793544,11.57572992165728
2.20618933638249,6.854963336465341,-9.29603279997043,11.550183901670575
2.2114296911007383,6.888485063075507,-9.23973089997562,11.524923148037848
2.2166700458189865,6.9218381162025855,-9.18364230741592,11.500049084133273
2.2219104005372348,6.955087293751404,-9.127844792960675,11.475660757798721
2.227150755255483,6.988297391497058,-9.072412698024218,11.451854548293724
2.2323911099737312,7.021532955763737,-9.01741673154963,11.428723881488583
2.2376314646919795,7.054858035094965,-8.962923780460704,11.406358954096262
2.2428718194102277,7.088335931768769,-8.90899673430213,11.384846467713574
2.248112174128476,7.122028954016465,-8.85569432453906,11.364269373414297
2.253352528846724,7.155998169806337,-8.803070978937324,11.34470662760744
2.258592883564972,7.190303163052981,-8.751176691394475,11.326232959842194
2.2638332382832203,7.225001793109676,-8.700056907539699,11.30891865320762
2.2690735930014685,7.260149958394994,-8.649752426367685,11.292829337939917
2.2743139477197167,7.295801364995567,-8.600299318118195,11.278025798813172
2.279554302437965,7.332007301074897,-8.55172885855875,11.264563796850819
2.284794657156213,7.3688164179032425,-8.50406747977402,11.252493905855289
2.2900350118744615,7.4062745183058025,-8.45733673751073,11.241861364211644
2.2952753665927097,7.444424353305955,-8.411553295072864,11.23270594237853
2.300515721310958,7.4833054277171405,-8.366728923707884,11.225061826436008
2.3057560760292057,7.5229538154110855,-8.322870519370985,11.218957518014893
2.310996430747454,7.563401984961655,-8.27998013570157,11.214415750886646
2.316236785465702,7.604678636332766,-8.238055032993755,11.211453424446347
2.3214771401839505,7.646808549245514,-8.197087742891679,11.210081554274227
2.3267174949021987,7.689812443824069,-8.157066148489982,11.210305239913527
2.331957849620447,7.733706854082212,-8.117973579471178,11.212123649954556
2.337198204338695,7.778504014772529,-8.079788921863999,11.215530024466457
2.3424385590569434,7.824211762078669,-8.042486741961126,11.220511694770014
2.3476789137751917,7.870833448587412,-8.006037423890373,11.227050120496283
2.35291926849344,7.918367872932203,-7.970407320291263,11.23512094382777
2.3581596232116877,7.966809224453067,-7.935558915508531,11.244694060770946
2.363399977929936,8.016147043169768,-7.9014510006760705,11.25573370926144
2.368640332648184,8.066366195315743,-7.868038860028708,11.268198573856179
2.3738806873664324,8.117446864630027,-7.835274467745833,11.28204190672068
2.3791210420846807,8.169364559553173,-7.803106694599589,11.297211664574066
2.384361396802929,8.222090136421105,-7.771481523651879,11.313650661209925
2.389601751521177,8.275589838698465,-7.740342274218466,11.331296735167726
2.3948421062394254,8.329825352239911,-7.709629833295074,11.35008293208698
2.4000824609576736,8.384753876514942,-7.6792828936201705,11.369937701235646
2.405322815675922,8.440328211678406,-7.649238197531176,11.390785105664332
2.4105631703941697,8.496496861316025,-7.619430785756325,11.412545045400009
2.415803525112418,8.55320415064144,-7.589794250272397,11.435133493056297
2.421043879830666,8.610390359869129,-7.5602609903497155,11.458462741202718
2.4262842345489144,8.667991872435907,-7.530762470899814,11.482441660802289
2.4315245892671626,8.725941337693078,-7.5012294822382515,11.506975969995818
2.436764943985411,8.784167847641534,-7.471592400375036,11.531968512482216
2.442005298703659,8.842597127233546,-7.441781446948053,11.557319544717071
2.4472456534219074,8.901151737717784,-7.41172694792087,11.58292703112701
2.4524860081401556,8.959751292458384,-7.3813595901749895,11.608686946514577
2.4577263628584034,9.01831268461479,-7.350610675138408,11.634493584808183
2.4629667175766516,9.076750326026897,-7.319412368606784,11.660239873293488
2.4682070722949,9.13497639660955,-7.287697945930735,11.685817691447042
2.473447427013148,9.19290110352246,-7.255402031762838,11.711118193479766
2.4786877817313964,9.250432949345273,-7.222460833580353,11.736032133687045
2.4839281364496446,9.30747900845417,-7.188812368224857,11.76045019369402
2.489168491167893,9.363945210764932,-7.154396680727491,11.784263310678865
2.494408845886141,9.419736631978886,-7.119156054718349,11.807363005653627
2.4996492006043893,9.474757789442195,-7.083035213750705,11.829641710881528
2.5048895553226376,9.528912942705666,-7.045981512904873,11.85099309551148
2.5101299100408854,9.58210639785211,-7.007945120072789,11.871312388515028
2.5153702647591336,9.634242814640672,-6.968879186362371,11.89049669801771
2.520610619477382,9.685227515503358,-6.928740005100533,11.908445326126492
2.52585097419563,9.734966795417511,-6.8874871589550715,11.925060078366586
2.5310913289138783,9.783368231669847,-6.845083654738438,11.940245566855571
2.5363316836321266,9.830340992522528,-6.801496045500506,11.953909506359324
2.541572038350375,9.875796143789836,-6.756694539562636,11.965963002393487
2.546812393068623,9.919646952335366,-6.710653096191615,11.976320830555704
2.5520527477868713,9.961809185503999,-6.663349507658987,11.984901706297432
2.5572931025051195,10.002201405510684,-6.6147654674790175,11.991628544370144
2.5625334572233673,10.040745257818875,-6.564886624666746,11.996428707208683
2.5677738119416156,10.077365752555425,-6.513702623906024,11.999234241544633
2.573014166659864,10.111991538025912,-6.461207131566153,11.999982102574526
2.578254521378112,10.144555165414513,-6.407397847554428,11.99861436504163
2.5834948760963603,10.174993343775817,-6.352276503040351,11.995078420625717
2.5887352308146085,10.203247184452039,-6.295848844135549,11.989327161072525
2.593975585532857,10.229262434078237,-6.238124601661019,11.9813191465336
2.599215940251105,10.252989695369953,-6.179117447180466,11.97101875862754
2.6044562949693533,10.274384634922173,-6.118844935524682,11.958396337775433
2.609696649687601,10.293408177285793,-6.0573284340772116,11.943428304406332
2.6149370044058493,10.310026684627225,-5.994593039135679,11.926097263672613
2.6201773591240975,10.324212121319029,-5.9306674797061465,11.90639209336039
2.625417713842346,10.335942202853422,-5.865584009129217,11.884308014725923
2.630658068560594,10.345200528517132,-5.799378284976776,11.859846646035999
2.6358984232788423,10.351976697314223,-5.732089237696366,11.833016038637453
2.6411387779970905,10.35626640667374,-5.663758928516837,11.803830695429056
2.6463791327153388,10.358071533530785,-5.594432397163454,11.772311571657148
2.651619487433587,10.357400197422953,-5.524157499963217,11.738486058004963
2.6568598421518352,10.354266805298725,-5.452984738951641,11.702387945994209
2.662100196870083,10.348692077790162,-5.380967082620447,11.664057375766019
2.6673405515883313,10.340703056759065,-5.30815977897151,11.623540766356744
2.6725809063065795,10.330333093983388,-5.234620161565981,11.580890728632296
2.6778212610248278,10.31762182090893,-5.1604074492785506,11.536165961092344
2.683061615743076,10.302615099449897,-5.085582540485308,11.489431128802766
2.6883019704613242,10.285364953881048,-5.010207802429659,11.440756725761261
2.6935423251795725,10.265929483923003,-4.934346856524054,11.39021892104662
2.6987826798978207,10.244372759181177,-4.858064360355899,11.337899389146719
2.704023034616069,10.220764695157591,-4.781425787174069,11.283885124904144
2.709263389334317,10.19518091111254,-4.7044972036375565,11.228268243560407
2.714503744052565,10.167702570110986,-4.627345046610459,11.171145766421272
2.7197440987708132,10.138416201644622,-4.55003589978715,11.112619392704945
2.7249844534890615,10.107413507276444,-4.4726362709287075,11.052795258173443
2.7302248082073097,10.074791149808757,-4.395212370485963,10.991783681183763
2.735465162925558,10.040650526528486,-4.317829892376327,10.929698896830384
2.740705517643806,10.005097527134978,-4.240553797670611,10.86665877988359
2.7459458723620545,9.96824227700509,-4.16344810193257,10.802784557259185
2.7511862270803027,9.930198866497976,-4.086575666937934,10.73820051078424
2.756426581798551,9.891085067047742,-4.009997997481155,10.673033671050499
2.7616669365167987,9.851022034835383,-3.9337750439572434,10.607413503171877
2.766907291235047,9.810134002872681,-3.8579650113829103,10.541471585285116
2.772147645953295,9.768547962369189,-3.7826241754957803,10.475341280652977
2.7773880006715435,9.726393334289545,-3.7078067065429265,10.40915740424732
2.7826283553897917,9.683801632041476,-3.633564501340364,10.343055884704965
2.78786871010804,9.640906116265384,-3.5599470241537037,10.277173422562456
2.793109064826288,9.597841442723785,-3.4870011569167816,10.211647145686399
2.7983494195445364,9.554743304313439,-3.4147710592702003,10.146614262824414
2.8035897742627847,9.511748068244046,-3.343298038865025,10.082211716207068
2.808830128981033,9.468992409445883,-3.2726204323390653,10.018575834134655
2.8140704836992807,9.426612941283242,-3.202773497333759,9.955841984482891
2.819310838417529,9.384745844662284,-3.133789315879339,9.894144230059794
2.824551193135777,9.343526496630101,-3.0656967094345284,9.833614986741471
2.8297915478540254,9.303089099566437,-2.9985211658246773,9.774384685307329
2.8350319025722737,9.263566312071038,-2.9322847782792936,9.716581437885747
2.840272257290522,9.225088882647553,-2.8670061967263623,9.660330709909202
2.84551261200877,9.187785287279342,-2.8027005914568486,9.605754998463125
2.8507529667270184,9.15178137198378,-2.7393796292285844,9.552973517895978
2.8559933214452666,9.11720000141938,-2.6770514618344445,9.502101893538686
2.861233676163515,9.084160714604348,-2.615720727115415,9.453251864359807
2.8664740308817627,9.052779388786385,-2.555388562355154,9.406530995359084
2.871714385600011,9.02316791248124,-2.496052629948954,9.362042400475772
2.876954740318259,8.995433868672201,-2.4377071551968568,9.319884476760045
2.8821950950365074,8.969680229134164,-2.380342976028179,9.2801506505254
2.8874354497547556,8.946005060814395,-2.323947604423031,9.242929136167836
2.892675804473004,8.924501245167596,-2.2685052992557133,9.208302708303481
2.897916159191252,8.905256211305533,-2.2139971502452127,9.17634848784034
2.9031565139095004,8.888351683781508,-2.160401172659692,9.147137742562476
2.9083968686277486,8.873863445787164,-2.1076924123848064,9.120735702765547
2.9136372233459964,8.861861118494073,-2.0558430609301745,9.09720139244217
2.9188775780642446,8.852407957225083,-2.0048225799144386,9.076587476473565
2.924117932782493,8.84556066509066,-1.9545978345371358,9.058940124240605
2.929358287500741,8.841369224673798,-1.9051332355152992,9.044298890023148
2.9345986422189894,8.839876748293484,-1.8563908889342826,9.03269661051106
2.9398389969372376,8.841119347321449,-1.8083307534359703,9.024159319704188
2.945079351655486,8.845126020969948,-1.76091080414327,9.018706181431357
2.950319706373734,8.85191856491031,-1.7140872026977874,9.016349439671032
2.9555600610919823,8.861511500022377,-1.667814472767807,9.017094386807903
2.9608004158102306,8.873912021514784,-1.6220456803663315,9.020939349911385
2.9660407705284784,8.889119968594581,-1.5767326183038821,9.02787569507303
2.9712811252467266,8.907127814803118,-1.5318259940882704,9.037887849791227
2.976521479964975,8.927920679072553,-1.4872756205734148,9.050953343342531
2.981761834683223,8.951476357495176,-1.4430306086517952,9.067042865030531
2.9870021894014713,8.977765375734904,-1.3990395612800766,9.086120340154606
2.9922425441197196,9.006751061948089,-1.3552507681250165,9.108143023493124
2.997482898837968,9.038389640018682,-1.3116124001168532,9.13306161004826
3.002723253556216,9.07263034285135,-1.2680727032000418,9.160820362752894
3.0079636082744643,9.109415545405303,-1.2245801905763898,9.191357256794227
3.0132039629927125,9.14868091709188,-1.1810838327433604,9.224604140163894
3.0184443177109603,9.190355593100103,-1.1375332446405046,9.260486910000397
3.0236846724292086,9.234362364157121,-1.093878869229616,9.29892570424716
3.028925027147457,9.280617884174417,-1.0500721568492453,9.339835108108069
3.034165381865705,9.329032895176534,-1.006065739701579,9.383124374742517
3.0394057365839533,9.379512468856369,-0.9618136008493136,9.42869765960341
3.0446460913022015,9.431956264050962,-0.9172712371220303,9.476454267785053
3.04988644602045,9.486258799383101,-0.8723958153555063,9.526288913712575
3.055126800738698,9.542309740268225,-0.8271463214134073,9.578091992471442
3.0603671554569463,9.599994199442522,-0.7814837014687265,9.631749862044348
3.065607510175194,9.659193050127058,-0.7353709950520887,9.68714513569332
3.0708478648934423,9.71978325090469,-0.6887734594055377,9.744156983697913
3.0760882196116905,9.781638181350857,-0.6416586847135013,9.80266144363505
3.081328574329939,9.844627987427064,-0.5939966998172237,9.86253173836343
3.086568929048187,9.908619935616283,-0.5457600680549072,9.923638600854815
3.0918092837664353,9.973478774753346,-0.49692397290698476,9.98585060499631
3.0970496384846835,10.03906710448018,-0.44746629316424413,10.049034501471981
3.1022899932029318,10.10524574923603,-0.3973676673757657,10.11305555781874
3.10753034792118,10.171874136676418,-0.34661154737372807,10.177777901740608
3.1127707026394282,10.238810679401539,-0.29518424071288046,10.243064866757031
3.118011057357676,10.305913158865181,-0.24307494190377965,10.30877933925506
3.1232514120759243,10.373039110329268,-0.1902757523605609,10.374784106011893
3.1284917667941725,10.440046207726509,-0.13678168902593144,10.440942201253556
3.1337321215124208,10.506792647294471,-0.08259068167806809,10.507117252317174
3.138972476230669,10.57313752884898,-0.027703558966043644,10.573173822988728
3.1442128309489172,10.638941233572467,0.027875976737875063,10.638977753594917
3.1494531856671655,10.704065797204493,0.08414138553935004,10.7043964969373
3.1546935403854137,10.768375277536204,0.14108333710596063,10.769299449168543
3.159933895103662,10.831736115128983,0.1986897684233068,10.833558274725144
3.16517424982191,10.894017486198715,0.2569459519730806,10.897047224447489
3.170414604540158,10.955091646632182,0.31583457404450754,10.95964344603747
3.1756549592584062,11.014834266129792,0.3753358228531786,11.021227286025088
3.1808953139766545,11.073124751500021,0.43542748610513227,11.081682582439285
3.1861356686949027,11.129846558164873,0.49608505760921817,11.140896947404084
3.191376023413151,11.184887488972622,0.5572818525074126,11.19876203890905
3.196616378131399,11.23813997945374,0.6189891306609869,11.255173821033283
3.2018567328496474,11.28950136869819,0.6811762277003398,11.31003281193394
3.2070970875678957,11.338874155077113,0.7438106932180466,11.363244318944359
3.212337442286144,11.386166236079106,0.8068584355583011,11.414718660162388
3.217577797004392,11.431291131580632,0.8702838726315745,11.464371371946942
3.22281815172264,11.474168189921587,0.9340500881610274,11.512123401779624
3.228058506440888,11.51472277621036,0.9981189927471225,11.55790128598874
3.2332988611591365,11.55288644233791,1.0624514891190169,11.601637311874832
3.2385392158773847,11.588597078236706,1.1270076409257506,11.64326966381958
3.243779570595633,11.621799043978868,1.1917468444070787,11.68274255300451
3.249019925313881,11.652443282366447,1.2566280022729899,11.720006330410557
3.2542602800321294,11.680487411727556,1.321609699112648,11.755017582816052
3.2595006347503777,11.70589579869265,1.3866503776476404,11.78773921155709
3.264740989468626,11.728639610787061,1.451708515141067,11.818140493861813
3.2699813441868737,11.748696848738131,1.516742799273225,11.846197126618165
3.275221698905122,11.766052358457186,1.5817123027962832,11.871891252482605
3.28046205362337,11.780697822719395,1.6465766562846278,11.895211468286176
3.2857024083416184,11.792631732626417,1.7112962183042517,11.916152815742585
3.2909427630598667,11.801859338998753,1.7758322423337838,11.934716754511786
3.296183117778115,11.808392583905992,1.840147039781424,11.95091111772079
3.301423472496363,11.812250012603599,1.904204138456133,11.96475005009161
3.3066638272146114,11.81345666620475,1.967968435867869,11.97625392887399
3.3119041819328596,11.812043955473964,2.031406346750419,11.985449267827505
3.317144536651108,11.808049516186735,2.094485944221386,11.992368604544255
3.3223848913693557,11.801517046555018,2.1571770940170465,11.997050371448829
3.327625246087604,11.792496127272559,2.219451581265095,11.999538750856985
3.332865600805852,11.781042024786334,2.2812832292855254,11.99988351451801
3.3381059555241004,11.76721547845073,2.342648009939101,11.99813984810821
3.3433463102423486,11.751082472269175,2.403524145073859,11.994368161184017
3.348586664960597,11.732713991973984,2.4638921986527644,11.988633883142985
3.353827019678845,11.712185768238548,2.523735159179917,11.981007245779066
3.3590673743970934,11.68957800685693,2.5830385120784545,11.97156305305509
3.3643077291153416,11.664975106764212,2.6417903017103477,11.96038043875025
3.36954808383359,11.638465366806386,2.6999811827666114,11.947542612673349
3.3747884385518376,11.610140682201015,2.757604460795774,11.933136596163635
3.380028793270086,11.580096231659592,2.8146561216787744,11.917252947630192
3.385269147988334,11.548430156168779,2.871134849899528,11.89998547890778
3.3905095027065824,11.515243230451095,2.927042035502145,11.881430963231924
3.3957498574248306,11.480638528145633,2.9823817696680317,11.861688835658697
3.400990212143079,11.444721081766014,3.037160828888661,11.840860886774875
3.406230566861327,11.407597538506302,3.091388647752641,11.819050950562357
3.4114709215795753,11.369375812975518,3.1450772804084806,11.796364587296136
3.4167112762978236,11.33016473794797,3.198241350807219,11.77290876236849
3.4219516310160714,11.290073714219806,3.2508979918715464,11.74879152194265
3.4271919857343196,11.249212360661957,3.3030667737800954,11.72412166634754
3.432432340452568,11.207690165555878,3.3547696215970886,11.699008422130852
3.437672695170816,11.165616140291448,3.406030722518291,11.673561113690859
3.4429130498890643,11.123098476495946,3.4568764230441946,11.647888835408125
3.4481534046073126,11.080244207649121,3.50733511643023,11.622100125196244
3.453393759325561,11.037158876222422,3.557437120801629,11.596302640386408
3.458634114043809,10.993946207359976,3.6072145483570512,11.570602836853556
3.4638744687620573,10.950707790095583,3.6567011661201905,11.54510565228248
3.4691148234803055,10.907542767073336,3.70593224873211,11.519914194460238
3.4743551781985533,10.864547533709949,3.7549444238089587,11.495129435466872
3.4795955329168016,10.821815447704543,3.8037755104198303,11.470849912619654
3.48483588763505,10.779436549766308,3.852464351267714,11.447171437006887
3.490076242353298,10.737497296392704,3.9010506391827358,11.424186810425882
3.4953165970715463,10.69608030549038,3.94957473856095,11.401985551515928
3.5005569517897945,10.655264115588292,3.9980775024039255,11.380653631851377
3.5057973065080428,10.61512295934729,4.046600085633963,11.360273222731696
3.511037661226291,10.575726552023493,4.095183755377134,11.340922453375628
3.5162780159445393,10.537139895493306,4.14386969892115,11.322675181194308
3.5215183706627875,10.499423098397404,4.192698830067548,11.305600774784626
3.5267587253810353,10.46263121290807,4.241711594607468,11.289763910248329
3.5319990800992835,10.426814088570488,4.290947775657668,11.275224381405167
3.537239434817532,10.392016243613172,4.340446299598062,11.262036924429548
3.54247978953578,10.358276754066287,4.390245043354129,11.250251057399808
3.5477201442540283,10.325629160969337,4.440380643767007,11.239910935207673
3.5529604989722765,10.294101395891495,4.490888309790717,11.231055220232431
3.5582008536905247,10.263715724929304,4.5418016382501785,11.22371696914053
3.563441208408773,10.234488711287414,4.593152433885093,11.217923536126195
3.5686815631270212,10.20643119648881,4.6449705343935355,11.21369649286283
3.573921917845269,10.179548300201875,4.697283641175451,11.211051565388386
3.5791622725635173,10.153839438612586,4.750117156459859,11.209998588100653
3.5844026272817655,10.129298361211596,4.8034940274807685,11.21054147499073
3.5896429820000137,10.105913205807912,4.857434598345543,11.212678208194824
3.594883336718262,10.083666571523663,4.911956470215813,11.21640084389635
3.6001236914365102,10.06253560946806,4.967074370395033,11.221695535561816
3.6053640461547585,10.042492130733612,5.022800030888666,11.22854257444579
3.6106044008730067,10.023502731303498,5.079142076972541,11.23691644725196
3.615844755591255,10.005528933406888,5.136105926272672,11.246785910789608
3.621085110309503,9.988527342807853,5.193693698825424,11.258114083417302
3.626325465027751,9.972449821464737,5.251904138550866,11.270858553018922
3.6315658197459992,9.957243674949616,5.310732546534239,11.284971501210899
3.6368061744642475,9.942851853972495,5.370170726471082,11.300399843434358
3.6420465291824957,9.929213169312192,5.430206942590729,11.317085384541516
3.647286883900744,9.916262519415223,5.490825890330586,11.334964989442351
3.652527238618992,9.903931129886322,5.552008679990386,11.353970768335628
3.6577675933372404,9.892146804058598,5.613732833551106,11.374030276007552
3.6630079480554887,9.880834183798873,5.675972294798029,11.39506672464199
3.668248302773737,9.869915019673757,5.738697452841387,11.416999209548445
3.673488657491985,9.859308449575108,5.801875179081502,11.439742947177841
3.678729012210233,9.848931284879534,5.865468877618306,11.463209524761718
3.683969366928481,9.83869830319547,5.929438549057896,11.487307160877837
3.6892097216467294,9.828522546733781,5.993740867621491,11.511940976214667
3.6944500763649777,9.818315625322743,6.0583292714147765,11.53701327377835
3.699690431083226,9.80798802307705,6.123154065668766,11.56242382775942
3.704930785801474,9.797449407721926,6.188162538716481,11.588070180251961
3.7101711405197224,9.786608941568394,6.25329909042382,11.613847944995742
3.7154114952379707,9.775375593133969,6.318505372747553,11.63965111729209
3.720651849956219,9.763658448404248,6.383720442048862,11.665372389226508
3.7258922046744667,9.751367020735627,6.448880922747469,11.690903469316076
3.731132559392715,9.738411558407035,6.513921181859006,11.716135405686774
3.736372914110963,9.72470334883968,6.578773513917461,11.740958911875792
3.7416132688292114,9.710155018517671,6.643368335744909,11.765264694345895
3.7468536235474597,9.694680827659823,6.707634390493068,11.788943780793947
3.752093978265708,9.678196958712759,6.771498960344928,11.811887848332685
3.757334332983956,9.660621797758754,6.834888087230628,11.833989550624874
3.7625746877022044,9.641876207957681,6.897726800879534,11.855142843051373
3.7678150424204526,9.621883794170875,6.959939353500269,11.875243304999264
3.773055397138701,9.60057115794633,7.021449460352772,11.894188458363992
3.7782957518569487,9.577868142078414,7.082180545450869,11.911878081369174
3.783536106575197,9.553708063991504,7.142055991610713,11.928214516820143
3.788776461293445,9.528027937235766,7.2009993940401325,11.943102973922297
3.7940168160116934,9.50076868042384,7.258934816645669,11.95645182281237
3.7992571707299416,9.471875312980208,7.315787050219174,11.968172880970531
3.80449752544819,9.441297137119617,7.371481871653053,11.978181690703005
3.809737880166438,9.408987905517428,7.425946303323713,11.98639778690914
3.8149782348846863,9.374905974182653,7.4791088717757646,11.992744954373062
3.8202185896029346,9.339014440094166,7.530899864835618,11.997151473848636
3.825458944321183,9.301281263210884,7.58125158628198,11.999550356236725
3.8306992990394306,9.261679372518882,7.63009860720257,11.999879564186315
3.835939653757679,9.220186755830872,7.677378013171158,11.998082220485195
3.841180008475927,9.17678653310694,7.723029646386636,11.994106802641861
3.8464203631941754,9.131467013119607,7.766996341926456,11.98790732309816
3.8516607179124236,9.084221733340494,7.809224157280257,11.979443494551209
3.856901072630672,9.035049482980533,7.849662594345686,11.968680879903877
3.86214142734892,8.983954309170448,7.888264813087743,11.955591026405196
3.8673817820671683,8.930945506322457,7.924987836084665,11.940151583585159
3.8726221367854166,8.876037588768613,7.9597927432081255,11.922346404632858
3.8778624915036644,8.819250246824625,7.99264485571258,11.902165630912089
3.8831028462219126,8.760608286481173,8.023513909038483,11.879605759354837
3.888343200940161,8.700141552976802,8.052374213666257,11.854669692519943
3.893583555658409,8.637884838557628,8.079204803392445,11.827366771151695
3.8988239103766573,8.573877774779097,8.103989570436473,11.797712789121208
3.9040642650949056,8.508164709753652,8.126717386825241,11.76572999068163
3.909304619813154,8.440794570795289,8.14738221154396,11.731447050016897
3.914544974531402,8.371820712957524,8.165983182984503,11.694899033112272
3.9197853292496503,8.301300754004997,8.182524696267183,11.656127342023433
3.9250256839678985,8.229296396400766,8.197016465058322,11.615179641669425
3.9302660386861463,8.155873236931011,8.209473567553598,11.572109769322479
3.9355063934043946,8.081100564626649,8.219916476346471,11.526977627015736
3.940746748122643,8.00505114767635,8.22837107195111,11.479849057136434
3.945987102840891,7.927801010058689,8.234868639800736,11.430795701518822
3.9512274575591393,7.849429198651178,8.239445850594237,11.37989484439607
3.9564678122773875,7.770017541602121,8.242144723917022,11.327229239615392
3.9617081669956358,7.689650398776039,8.243012575115198,11.272886922563528
3.966948521713884,7.608414405105937,8.242101945455893,11.216961007292097
3.9721888764321323,7.526398207705357,8.239470515660578,11.159549469373323
3.9774292311503805,7.443692197609592,8.235181002951743,11.100754915055607
3.9826695858686283,7.360388237029605,8.229301041807298,11.040684337326852
3.9879099405868765,7.276579383012634,8.221903048669969,10.979448859529018
3.9931502953051248,7.19235960841176,8.21306407091208,10.917163467202453
3.998390650023373,7.107823521071292,8.202865620407824,10.853946728870698
4.003631004741621,7.023066082136808,8.19139349211635,10.78992050650729
4.008871359459869,6.938182324397784,8.17873756812926,10.725209656454961
4.014111714178117,6.853267071566308,8.164991607684547,10.659941721593704
4.0193520688963655,6.768414659388782,8.150253023696992,10.59424661557918
4.024592423614614,6.683718659477168,8.134622646400361,10.528256299994453
4.029832778332862,6.599271606733883,8.118204474741546,10.462104455278473
4.03507313305111,6.515164731228555,8.101105416208672,10.39592614631183
4.0403134877693585,6.431487695366529,8.083435015815768,10.329857483555498
4.045553842487607,6.348328337168045,8.065305175004859,10.264035280651122
4.050794197205855,6.265772420453049,8.046829861262097,10.198596709401222
4.056034551924103,6.183903392700698,8.02812480927837,10.1336789530558
4.0612749066423515,6.102802151323633,8.00930721451556,10.06941885883646
4.0665152613606,6.022546819066432,7.9904954200684015,10.005952590632303
4.071755616078848,5.943212529204173,7.9718085977372635,9.943415282801338
4.076995970797096,5.864871221182016,7.953366424250358,9.881940696009158
4.082236325515344,5.787591447299273,7.935288753593726,9.821660876031242
4.087476680233593,5.7114381910023715,7.917695286424295,9.762705816437672
4.092717034951841,5.636472697310453,7.90070523755564,9.7052031260693
4.097957389670089,5.56275231585477,7.884437002516489,9.64927770220128
4.103197744388337,5.490330356969494,7.869007824190284,9.595051410275438
4.108438099106585,5.419255961226327,7.854533460548233,9.542642771064989
4.113678453824833,5.349573982759299,7.841127854490063,9.492166656115723
4.118918808543081,5.281324886678998,7.82890280680465,9.443733992285502
4.1241591632613295,5.214544660827526,7.817967653257639,9.397451476179466
4.129399517979578,5.14926474207711,7.808428946805142,9.353421299252103
4.134639872697826,5.085511957326186,7.800390145920824,9.311740884318372
4.139880227416074,5.023308479297608,7.793951310009438,9.272502634185718
4.145120582134322,4.962671797194145,7.78920880286175,9.235793693085892
4.150360936852571,4.903614702217178,7.786255005085295,9.201695721551342
4.155601291570819,4.846145287905227,7.7851780364212875,9.170284685344422
4.160841646289067,4.790266965200229,7.786061488831348,9.14163065900998
4.166082001007315,4.735978492101203,7.788984171207941,9.115797644582345
4.171322355725564,4.683274017717269,7.794019866529868,9.092843405936776
4.176562710443812,4.632143140485428,7.801237102249075,9.072819319233341
4.18180306516206,4.582570980272563,7.810698934657094,9.055770239857551
4.187043419880308,4.534538264036705,7.822462747939257,9.041734386217636
4.192283774598557,4.488021424679183,7.836580068582096,9.030743240712667
4.197524129316805,4.442992712677518,7.853096395754501,9.022821468139435
4.202764484035053,4.399420320048553,7.87205104823623,9.017986851758724
4.2080048387533004,4.357268516152788,7.893477028418367,9.01625024719394
4.213245193471549,4.316497794814072,7.9174009038497015,9.017615554286778
4.218485548189797,4.2770650321940336,7.943842706750519,9.022079706986098
4.223725902908045,4.238923654827804,7.972815851861459,9.02963268129729
4.228966257626293,4.202023817197096,8.004327072939976,9.040257521270702
4.234206612344542,4.166312588188173,8.03837637816052,9.053930382958788
4.23944696706279,4.131734145756377,8.074957024617339,9.070620596223065
4.244687321781038,4.09822997909522,8.114055512070708,9.090290744223744
4.249927676499286,4.065739097586915,8.155651596018693,9.112896760376973
4.255168031217535,4.03419824579274,8.199718320117471,9.138388042517526
4.260408385935783,4.00354212372557,8.246222067913886,9.166707583958104
4.265648740654031,3.973703611633728,8.29512263379458,9.197792121090913
4.270889095372279,3.944613998514608,8.346373312996707,9.231572297132328
4.276129450090528,3.916203213568638,8.399921010466459,9.267972841567955
4.281369804808776,3.8884000597990283,8.455706368293113,9.306912764812926
4.286610159527024,3.8611324489601984,8.513663911388722,9.34830556756122
4.291850514245272,3.834327637058225,8.573722211026787,9.392059464258228
4.2970908689635205,3.807912459609503,8.635804065797364,9.438077620092535
4.302331223681769,3.781813565869679,8.699826699481875,9.486258400866678
4.307571578400016,3.7559576512532042,8.765701975297478,9.5364956350717
4.312811933118264,3.7302716871749415,8.83333662590979,9.58867888745777
4.318052287836513,3.704683147558837,8.902632498562735,9.642693743361956
4.323292642554761,3.679120231274811,8.973486814626652,9.698422103025521
4.328532997273009,3.65351207978369,9.045792442820265,9.755742485106378
4.333773351991257,3.6277889892908743,9.119438185318272,9.814530338567462
4.339013706709506,3.6018826167329077,9.194309075915651,9.874658362099806
4.344254061427754,3.575726178946464,9.27028668938078,9.935996830218574
4.349494416146002,3.549254644397132,9.347249461093893,9.998413925153063
4.35473477086425,3.52240491687483,9.425073016033775,10.061776073635905
4.359975125582499,3.4951160105945167,9.503630506145614,10.125948287684253
4.365215480300747,3.467329216174026,9.582792955095234,10.190794508455014
4.370455835018995,3.4389882569960895,9.662429609390708,10.256177952248454
4.375696189737243,3.4100394354981582,9.742408294831199,10.321961457729259
4.3809365444554915,3.3804317689716337,9.822595777224588,10.38800783343096
4.38617689917374,3.3501171144915123,9.902858126301135,10.454180204609894
4.391417253891988,3.3190502826377712,9.98306108173842,10.520342358516578
4.396657608610236,3.2871891397114084,10.063070420205323,10.586359087157772
4.4018979633284845,3.2544946981901828,10.142752322327611,10.652096526629402
4.407138318046733,3.2209311952122057,10.221973738476757,10.717422492110668
4.41237867276498,3.1864661589189796,10.300602752285643,10.78220680762201
4.417619027483228,3.1510704625334016,10.378508940800227,10.846321629664166
4.422859382201477,3.114718366092462,10.455563730185562,10.90964176387316
4.428099736919725,3.0773875457984596,10.531640745916377,10.972044973845192
4.433340091637973,3.0390591109969165,10.60661615639875,11.033412281307736
4.438580446356221,2.999717608833057,10.680369008987762,11.093628256836865
4.4438208010744695,2.959351016682451,10.75278155738868,11.152581300347359
4.449061155792718,2.917950722494362,10.82373957945456,11.210163910610609
4.454301510510966,2.8755114932286254,10.893132684421444,11.26627294308551
4.459541865229214,2.832031431608499,10.9608546086542,11.320809855380245
4.4647822199474625,2.7875119214522974,11.026803499010176,11.373680939696776
4.470022574665711,2.7419575618862146,11.090882182965435,11.424797541646203
4.475262929383959,2.6953760907787565,11.15299842468797,11.474076264860457
4.480503284102207,2.647778297774106,11.21306516628518,11.521439160865349
4.4857436388204555,2.5991779273370046,11.271000753497601,11.566813903720393
4.490983993538704,2.549591572255356,11.326729145158367,11.610133948973006
4.496224348256952,2.4990385580787984,11.380180105787352,11.651338676517938
4.5014647029752,2.447540819001463,11.431289380740202,11.690373516996882
4.506705057693448,2.395122765725379,11.479998853386142,11.727190061418938
4.511945412411696,2.3418111458670507,11.526256683843071,11.761746153728375
4.517185767129944,2.287634897493694,11.570017428855268,11.794005966093355
4.522426121848192,2.232624996397447,11.611242142456707,11.823940056736642
4.5276664765664405,2.1768142977353158,11.649898457122026,11.851525410177336
4.532906831284689,2.1202373726798465,11.685960645167205,11.876745459801057
4.538147186002937,2.0629303407401887,11.719409660222594,11.899590092724416
4.543387540721185,2.004930698425634,11.750233158662573,11.920055636968433
4.5486278954394335,1.9462771449335088,11.778425500937427,11.938144831003836
4.553868250157682,1.8870094055506457,11.803987732815362,11.9538667757798
4.55910860487593,1.8271680534625203,11.826927546604196,11.967236869395506
4.564348959594178,1.7667943306663412,11.847259222484272,11.978276724621674
4.569589314312426,1.7059299686841918,11.865003550145293,11.98701406952604
4.574829669030675,1.6446170097694786,11.880187730980646,11.993482631503085
4.580070023748923,1.5828976292946486,11.892845261152903,11.997722005053863
4.585310378467171,1.5208139600003503,11.90301579590302,11.999777503706007
4.590550733185419,1.4584079187758812,11.910744995533918,11.999699996507598
4.595791087903668,1.3957210366281676,11.916084353555547,11.9975457295706
4.601031442621916,1.3327942924814098,11.919091007533744,11.993376133180464
4.606271797340164,1.269667951432168,11.919827533238438,11.987257615027847
4.6115121520584115,1.206381408065126,11.918361722738553,11.979261340156356
4.61675250677666,1.1429730354128946,11.914766347140294,11.969462998256347
4.621992861494908,1.0794800401194484,11.909118904712974,11.957942558969258
4.627233216213156,1.0159383243409061,11.901501355191597,11.94478401589966
4.632473570931404,0.9523823548895886,11.891999841088046,11.930075120062872
4.637713925649653,0.8888450400978022,11.880704396882614,11.913907103524533
4.642954280367901,0.825357614846471,11.86770864700506,11.896374394015336
4.648194635086149,0.7619495341710117,11.853109493548736,11.87757432132835
4.653434989804397,0.6986483758225351,11.837006794692755,11.857606816328577
4.658675344522646,0.6354797521268697,11.819503034835801,11.83657410342435
4.663915699240894,0.5724672314471637,11.800702987470329,11.814580387367632
4.669156053959142,0.5096322695178884,11.780713371848087,11.791731535265475
4.67439640867739,0.4469941508793696,11.759642504506614,11.76813475469749
4.679636763395639,0.38456994060236527,11.737599946741986,11.743898268844651
4.684877118113887,0.32237444645205837,11.714696149124894,11.719130989542137
4.690117472832135,0.2604201916000639,11.691042094166006,11.693942189174466
4.695357827550383,0.19871739795209245,11.666748938241625,11.668441172333644
4.700598182268632,0.13727398011762476,11.641927653892262,11.642736948161232
4.70583853698688,0.07609555000666551,11.61668867360513,11.616937904292875
4.711078891705128,0.015185431997510086,11.591141536186097,11.591151483318797
4.716319246423375,-0.04545531142156741,11.565394536818108,11.565483862666472
4.721559601141624,-0.1058278436742467,11.539554381890667,11.540039638801456
4.726799955859872,-0.16593550795929946,11.513725849669695,11.514921516630231
4.73204031057812,-0.22578377117182472,11.488011457857953,11.4902300049738
4.737280665296368,-0.2853801581378933,11.462511139074106,11.466063118963577
4.742521020014617,-0.34473417645551024,11.43732192525322,11.442516090191637
4.747761374732865,-0.4038572322711046,11.412537641942706,11.419681085425147
4.753001729451113,-0.46276253735597617,11.388248613436467,11.39764693467111
4.758242084169361,-0.5214650078809108,11.364541379655156,11.376498869350735
4.76348243888761,-0.579981155319442,11.341498425643447,11.356318271314803
4.768722793605858,-0.6383289699410191,11.319197924514887,11.337182433400642
4.773963148324106,-0.6965277973842384,11.297713494632456,11.319164332199142
4.779203503042354,-0.7545982088275084,11.277113971767717,11.302332413665965
4.7844438577606025,-0.8125618652997575,11.257463196934212,11.286750392175229
4.789684212478851,-0.87044137669697,11.23881982054107,11.272477063576263
4.794924567197099,-0.9282601560915499,11.221237123461298,11.25956613277497
4.800164921915347,-0.986042269940376,11.204762855555863,11.248066056320685
4.8054052766335955,-1.043812284814167,11.189439092139637,11.238019900437607
4.810645631351844,-1.1015951112851652,11.175302108818633,11.229465214896637
4.815885986070091,-1.159415845622133,11.162382275070275,11.222433923079375
4.821126340788339,-1.2172996099513735,11.15070396687934,11.2169522285408
4.826366695506588,-1.2752713915495573,11.14028549868234,11.213040538331107
4.831607050224836,-1.333355881938917,11.131139074812443,11.210713403290512
4.836847404943084,-1.391577316457564,11.123270760575831,11.209979475483461
4.842087759661332,-1.4499593149773364,11.11668047302868,11.210841482890867
4.8473281143795806,-1.5085247244388913,11.111361991462386,11.213296221430985
4.852568469097829,-1.567295463868341,11.107302987542727,11.21733456433113
4.857808823816077,-1.6262923725320362,11.104485074987199,11.222941488824102
4.863049178534325,-1.6855350618757758,11.10288387860374,11.230096120094938
4.8682895332525735,-1.7450417718821494,11.102469122453375,11.238771792355436
4.873529887970822,-1.8048292324645765,11.10320473683985,11.248936126876245
4.87877024268907,-1.864912530499261,11.105048983770299,11.260551126758891
4.884010597407318,-1.9253049830766382,11.10795460047379,11.27357328818359
4.8892509521255665,-1.9860180175319555,11.11186896050809,11.287953727822625
4.894491306843815,-2.0470610587907148,11.116734251930518,11.303638326063982
4.899731661562063,-2.1084414245385843,11.122487671955696,11.320567885645875
4.904972016280311,-2.1701642286974008,11.129061637471926,11.338678305259705
4.9102123709985595,-2.2322322936590213,11.136384010738842,11.357900767637211
4.915452725716807,-2.2946460716971067,11.144378339542097,11.37816194159716
4.920693080435055,-2.357403575943701,11.152964111036235,11.399384197487793
4.925933435153303,-2.42050032128259,11.16205701846484,11.421485835423923
4.9311737898715515,-2.483929275475209,11.171569239907445,11.444381325681569
4.9364141445898,-2.547680820797413,11.181409728166047,11.467981560579233
4.941654499308048,-2.611742726426631,11.191484510869918,11.492194117142457
4.946894854026296,-2.676100131779378,11.20169699984643,11.516923529818113
4.9521352087445445,-2.740735540958461,11.211948308777803,11.542071572476853
4.957375563462793,-2.8056288284278947,11.222137578138396,11.567537548915569
4.962615918181041,-2.8707572559917534,11.232162306385906,11.5932185910482
4.967856272899289,-2.936095501110728,11.241918686361053,11.619009963951166
4.9730966276175375,-3.0016156965476815,11.251301945835449,11.644805376910426
4.978336982335786,-3.067287481290633,11.260206691135425,11.6704972996001
4.983577337054034,-3.133078062658906,11.268527252761256,11.695977282507762
4.988817691772282,-3.1989522894556317,11.276158031916317,11.72113628070949
4.99405804649053,-3.2648727359874474,11.282993846859005,11.745864980087774
4.999298401208779,-3.3307997967305876,11.288930277992355,11.770054125078316
5.004538755927027,-3.396691791381274,11.293864010611326,11.793594847026867
5.009779110645275,-3.462505079988008,11.29769317423666,11.816378992235158
5.015019465363523,-3.5281941878237957,11.300317677476018,11.838299448775174
5.020259820081771,-3.5937119396180592,11.301639537368715,11.859250471154116
5.025500174800019,-3.6590096027306167,11.301563202188765,11.879128001917566
5.030740529518267,-3.7240370388143216,11.299995866702979,11.897829989286507
5.0359808842365155,-3.7887428634785216,11.296847778905656,11.915256699934126
5.041221238954764,-3.8530746134326037,11.292032537279532,11.93131102602134
5.046461593673012,-3.9169789205579044,11.285467377663558,11.945898785625271
5.05170194839126,-3.9804016923268586,11.277073448841866,11.958929015712599
5.056942303109508,-4.043288297960976,11.266776076004843,11.97031425682982
5.062182657827757,-4.105583759693997,11.25450501127246,11.979970828704886
5.067423012546005,-4.167232948483244,11.240194670511492,11.987819095979022
5.072663367264253,-4.228180783491516,11.223784355722485,11.993783723314664
5.077903721982501,-4.288372434643021,11.205218462318372,11.997793919153914
5.08314407670075,-4.347753527540743,11.184446670664967,11.999783667432995
5.088384431418998,-4.406270350018873,11.161424121303833,11.9996919465909
5.093624786137246,-4.463870059592557,11.136111573329826,11.99746293524499
5.098865140855494,-4.520500891058635,11.108475545449156,11.993046203942676
5.104105495573743,-4.576112363494854,11.078488439298779,11.986396892436323
5.109345850291991,-4.63065548590159,11.046128644663982,11.977475871968043
5.114586205010239,-4.684082960729264,11.011380626288167,11.966249892091867
5.119826559728486,-4.73634938453649,10.97423499202702,11.952691711603268
5.125066914446735,-4.787411445028541,10.93468854215782,11.936780213189309
5.130307269164983,-4.837228113732775,10.892744299713884,11.918500501457222
5.135547623883231,-4.8857608335776606,10.848411521773706,11.897843984044924
5.140787978601479,-4.932973700654316,10.801705691693845,11.874808435563008
5.146028333319728,-4.978833639454616,10.752648492334258,11.849398044165074
5.151268688037976,-5.023310570897575,10.701267760383969,11.821623440590749
5.156509042756224,-5.06637757247561,10.647597421953774,11.791501709573744
5.161749397474472,-5.10801102987511,10.591677409660898,11.7590563835559
5.166989752192721,-5.1481907794503705,10.533553561487722,11.724317418696428
5.172230106910969,-5.186900240957405,10.473277501753248,11.687321153214484
5.177470461629217,-5.224126539983404,10.410906504590892,11.648110248151497
5.182710816347465,-5.259860619539255,10.346503340380059,11.606733610688046
5.187951171065714,-5.29409734031608,10.280136105631323,11.563246300198164
5.193191525783962,-5.326835569142202,10.211878036875412,11.517709417271167
5.19843188050221,-5.358078255214311,10.141807309155086,11.47018997597825
5.203672235220458,-5.387832493715476,10.070006819765602,11.42076075970695
5.2089125899387065,-5.41610957647319,9.99656395793417,11.369500160932013
5.214152944656955,-5.442925029352688,9.92157036117103,11.31649200533546
5.219393299375202,-5.468298636123729,9.845121659064548,11.26182536073147
5.22463365409345,-5.492254448583728,9.767317205330489,11.2055943312942
5.229874008811699,-5.514820782765166,9.688259798959812,11.147897837626582
5.235114363529947,-5.536030201101622,9.608055395341795,11.088839383247727
5.240354718248195,-5.555919480473508,9.526812808268005,11.028526808113781
5.245595072966443,-5.574529566102106,9.444643403749236,10.967072029823207
5.250835427684692,-5.591905511308186,9.361660786600243,10.904590773191241
5.25607578240294,-5.608096403199529,9.277980480767695,10.84120228891085
5.261316137121188,-5.623155274399786,9.193719604393417,10.777029062047571
5.266556491839436,-5.637139000978845,9.10899654061881,10.712196511143839
5.2717968465576845,-5.650108186792753,9.023930605147207,10.646832678734786
5.277037201275933,-5.662127034488204,8.938641711587783,10.58106791410107
5.282277555994181,-5.673263203473478,8.853250035609287,10.515034549106437
5.287517910712429,-5.683587655203252,8.7678756789321,10.448866567986588
5.2927582654306775,-5.693174486169884,8.682638334185206,10.382699271973458
5.297998620148926,-5.702100749037473,8.59765695164869,10.316668939653281
5.303238974867174,-5.710446262397571,8.51304940889346,10.250912483969008
5.308479329585422,-5.7182934096668125,8.428932184318159,10.185567106787593
5.3137196843036705,-5.7257269276862095,8.34542003556756,10.120769951959357
5.318960039021919,-5.732833685620177,8.262625683798962,10.056657757801828
5.324200393740166,-5.739702454789246,8.180659504741378,9.99336650994194
5.329440748458414,-5.7464236701051234,8.099629227468542,9.931031095450617
5.3346811031766626,-5.753089183808641,8.019639641779305,9.86978495920018
5.339921457894911,-5.7597920122415385,7.9407923150495465,9.809759763369915
5.345161812613159,-5.766626076410652,7.86318531938707,9.751085051016817
5.350402167331407,-5.773685937128519,7.786912969885999,9.693887914617871
5.3556425220496555,-5.78106652553754,7.71206557473997,9.638292670477487
5.360882876767904,-5.788862869844894,7.63872919793348,9.58442053987774
5.366123231486152,-5.797169819113571,7.566985435189148,9.53238933783162
5.3713635862044,-5.806081764969546,7.496911203804648,9.48231317027884
5.3766039409226485,-5.815692362097588,7.428578546967447,9.434302140541462
5.381844295640897,-5.826094248407632,7.362054453088051,9.388462065831767
5.387084650359145,-5.8373787657600325,7.297400690643351,9.344894204577608
5.392325005077393,-5.849635682141956,7.234673658971539,9.303694995301868
5.3975653597956414,-5.862952916187624,7.173924255408167,9.264955807761124
5.40280571451389,-5.877416264933144,7.115197759100492,9.228762707016003
5.408046069232138,-5.893109135691334,7.05853373178357,9.19519623107061
5.413286423950386,-5.910112282924015,7.003965935747344,9.164331182682044
5.418526778668634,-5.92850355097812,6.9515222691692,9.136236435902667
5.423767133386882,-5.948357623538075,6.901224718931279,9.110974757878086
5.42900748810513,-5.969745780630198,6.853089330986577,9.088602646382672
5.434247842823378,-5.99273566399513,6.807126198282441,9.069170183531805
5.4394881975416265,-6.017391051622105,6.763339466195102,9.052720906066531
5.444728552259875,-6.043771642213645,6.721727355373923,9.039291692561312
5.449968906978123,-6.07193285032165,6.682282201839989,9.028912667859995
5.455209261696371,-6.101925612865578,6.644990514129961,9.021607124998413
5.4604496164146195,-6.13379620771067,6.609833047223678,9.01739146482485
5.465689971132868,-6.1675860849491375,6.576784892942154,9.01627515348164
5.470930325851116,-6.20333171148986,6.545815586452453,9.018260697862953
5.476170680569364,-6.241064429522683,6.516889228466772,9.023343639115133
5.481411035287612,-6.280810329381893,6.489964622675619,9.031512564197172
5.486651390005861,-6.322590137290095,6.4649954279091615,9.04274913547005
5.491891744724109,-6.3664191184185395,6.441930324476818,9.05702813823492
5.497132099442357,-6.412306995653198,6.420713194093104,9.074317546091509
5.502372454160605,-6.460257884407673,6.401283312757794,9.094578603939981
5.507612808878854,-6.510270243774523,6.383575555920705,9.117765928401777
5.512853163597102,-6.562336844255761,6.367520615225966,9.143827625387758
5.51809351831535,-6.61644475226182,6.35304522609762,9.172705424495803
5.5233338730335975,-6.6725753315155165,6.340072405397898,9.204334829874307
5.528574227751846,-6.730704261444593,6.328521698361737,9.238645287143767
5.533814582470094,-6.790801572592525,6.318309433985724,9.275560365924967
5.539054937188342,-6.852831699023567,6.309348988027555,9.314997957480536
5.54429529190659,-6.916753547643605,6.301551052752173,9.356870486935385
5.549535646624839,-6.982520584304533,6.294823912544375,9.40108513950262
5.554776001343087,-7.050080936505895,6.289073724493682,9.447544100103512
5.560016356061335,-7.119377512453989,6.284204803046622,9.49614480573405
5.565256710779583,-7.1903481361859045,6.280119907813682,9.546780209896415
5.570497065497832,-7.26292569841354,6.27672053361336,9.59933905838102
5.57573742021608,-7.3370383226916225,6.273907201834053,9.653706175654545
5.580977774934328,-7.412609546463323,6.271579752195532,9.709762761080631
5.586218129652576,-7.489558516488304,6.269637633996057,9.767386694173737
5.591458484370825,-7.567800198110491,6.26798019593834,9.82645284806254
5.596698839089073,-7.647245597776668,6.2665069736374015,9.886833410317017
5.601939193807321,-7.727801998173177,6.2651179739266185,9.948398210274242
5.607179548525569,-7.809373205305145,6.263713955093641,10.011015051980133
5.612419903243818,-7.891859806802753,6.262196702196772,10.074550051850103
5.617660257962066,-7.975159440700564,6.260469296633199,10.138867980138725
5.622900612680314,-8.05916707390011,6.258436379154523,10.203832605298874
5.628140967398561,-8.143775289492549,6.256004405551358,10.26930704030352
5.63338132211681,-8.228874582086926,6.253081894257287,10.335154089998106
5.638621676835058,-8.314353660261588,6.249579665153817,10.401236598549682
5.643862031553306,-8.400099755230304,6.24541106889095,10.467417796058673
5.649102386271554,-8.485998934792201,6.240492206073567,10.53356164340245
5.654342740989803,-8.57193642161437,6.234742135700898,10.599533174384764
5.659583095708051,-8.657796914879405,6.228083072285658,10.665198834273392
5.664823450426299,-8.743464914315986,6.220440571120138,10.730426813818362
5.670063805144547,-8.82882504561995,6.211743701198832,10.795087377856165
5.675304159862796,-8.91376238626576,6.201925205351153,10.859053187620741
5.680544514581044,-8.998162790703402,6.190921647182454,10.922199615899332
5.685784869299292,-9.081913213935028,6.178673544468011,10.984405054191901
5.69102522401754,-9.164902032466978,6.165125488691295,11.04555121105454
5.6962655787357885,-9.247019361638428,6.150226250465957,11.105523400832421
5.701505933454037,-9.328157368335944,6.133928870629092,11.164210822014123
5.706746288172285,-9.408210578114847,6.116190736842295,11.221506824468253
5.711986642890533,-9.487076175762947,6.096973645586212,11.277309164854076
5.7172269976087815,-9.564654298359999,6.076243849483291,11.331520249530506
5.72246735232703,-9.640848319907073,6.053972089932837,11.38404736432262
5.727707707045277,-9.715565126623838,6.030133615091254,11.434802890540912
5.732948061763525,-9.788715382038724,6.004708183279064,11.483704506686859
5.738188416481774,-9.860213781026381,5.977680051944182,11.530675375317525
5.743428771200022,-9.92997929197941,5.949037952358308,11.575644314583075
5.74866912591827,-9.997935386336513,5.918775050269827,11.6185459539934
5.753909480636518,-10.064010254726659,5.886888892781842,11.65932087401327
5.7591498353547665,-10.128137009029352,5.853381341768518,11.69791572913029
5.764390190073015,-10.190253869693125,5.818258494185649,11.734283354085122
5.769630544791263,-10.250304337699538,5.781530589673034,11.768382853000109
5.774870899509511,-10.308237350606229,5.743211905886121,11.80017967118914
5.7801112542277595,-10.36400742215161,5.703320642032657,11.82964564947951
5.785351608946008,-10.417574764953978,5.661878791126443,11.856759060924421
5.790591963664256,-10.468905395889886,5.618912001504758,11.881504629833149
5.795832318382504,-10.517971223790289,5.574449428188453,11.903873533094643
5.8010726731007525,-10.564750119147437,5.528523574693872,11.923863383818672
5.806313027819001,-10.609225965581615,5.481170125933828,11.941478197367385
5.811553382537249,-10.651388692873509,5.4324277728704224,11.956728339898316
5.816793737255497,-10.691234291425491,5.382338029605817,11.969630459587854
5.822034091973745,-10.728764808073437,5.330945043617744,11.980207400751777
5.827274446691993,-10.763988323228862,5.278295399864736,11.988488101126036
5.832514801410241,-10.796918909390234,5.224437919501741,11.99450747261746
5.837755156128489,-10.827576571120721,5.169423453959655,11.998306265878968
5.8429955108467375,-10.85598716664835,5.1133046751526345,11.999930919108303
5.848235865564986,-10.882182311302653,5.056135862584678,11.99943339151242
5.853476220283234,-10.90619926305953,4.997972688131786,11.996870981921559
5.858716575001482,-10.928080790522868,4.938871999278201,11.99230613307754
5.8639569297197305,-10.947875023727475,4.87889160158472,11.985806222160017
5.869197284437979,-10.965635288202774,4.818090041163735,11.97744333815189
5.874437639156227,-10.981419922790193,4.7565263879298065,11.967294046680976
5.879677993874475,-10.99529208175936,4.694260020385974,11.955439143009102
5.8849183485927234,-11.007319521818786,4.631350412694826,11.941963393872111
5.890158703310972,-11.017574374665308,4.567856924769616,11.926955268904441
5.89539905802922,-11.026132905763474,4.503838596104484,11.910506662410313
5.900639412747468,-11.033075260090598,4.4393539440441465,11.892712606269587
5.905879767465716,-11.038485195625885,4.374460767172476,11.873670974790528
5.911120122183965,-11.042449805401732,4.309215954475928,11.853482182343154
5.916360476902213,-11.045059228973198,4.243675300912522,11.83224887462654
5.921600831620461,-11.046406354196334,4.177893329989251,11.810075614440317
5.926841186338709,-11.046586510238258,4.111923123921426,11.78706856284537
5.932081541056957,-11.045697152771202,4.045816161915968,11.763335156610914
5.937321895775205,-11.04383754232896,3.9796221670874323,11.73898378285481
5.942562250493453,-11.041108416827608,3.9133889624808074,11.714123451791348
5.9478026052117015,-11.037611659272375,3.847162336638733,11.688863468505271
5.95304295992995,-11.033449961689515,3.7809859191131157,11.663313104673046
5.958283314648198,-11.028726486335822,3.7149010662822186,11.637581271152095
5.963523669366446,-11.023544525248681,3.6489467577941648,11.611776192355617
5.968764024084694,-11.018007159206684,3.5831595039169994,11.586005083325334
5.974004378802943,-11.01221691717444,3.5175732640334445,11.56037383040643
5.979244733521191,-11.006275437305568,3.452219376476268,11.534986676418576
5.984485088239439,-11.00028313057465,3.3871264998570996,11.509945911203902
5.989725442957687,-10.994338848102473,3.3223205659983366,11.485351568417517
5.994965797675936,-10.98853955322904,3.2578247445342754,11.461301129408428
6.000206152394184,-10.982979999375456,3.1936594192040797,11.437889235018504
6.005446507112432,-10.97775241471942,3.129842175815847,11.415207406104969
6.01068686183068,-10.972946194689184,3.0663878018178385,11.393343773567139
6.015927216548929,-10.968647603257699,3.0033082973703267,11.372382818631472
6.021167571267177,-10.964939483992769,2.940612897769255,11.352405124120196
6.026407925985425,-10.96190098178958,2.878308107031586,11.333487137397876
6.031648280703672,-10.959607276179973,2.8163977424116178,11.315700945657687
6.036888635421921,-10.958129327077593,2.7548829895779816,11.299114064174418
6.042128990140169,-10.957533633780443,2.693762468142654,11.283789238115165
6.047369344858417,-10.957882008011685,2.633032307196149,11.269784258460536
6.052609699576665,-10.959231361736796,2.5726862304673723,11.257151792550003
6.057850054294914,-10.961633510449468,2.5127156506923507,11.245939229723902
6.063090409013162,-10.96513499257137,2.4531097727435203,11.236188542492641
6.06833076373141,-10.969776905560922,2.393855705040545,11.227936163620317
6.073571118449658,-10.975594759274623,2.3349385787344845,11.221212879465355
6.078811473167907,-10.982618347071048,2.276341674130391,11.216043739875676
6.084051827886155,-10.990871635092498,2.2180465537883265,11.212447984889522
6.089292182604403,-11.000372670102836,2.1600332017200894,11.210438988446374
6.094532537322651,-11.011133506202144,2.102280168078312,11.21002421926478
6.0997728920409,-11.023160150680084,2.0447647187163414,11.21120521899624
6.105013246759148,-11.03645252921001,1.9874629889813387,11.213977597716015
6.110253601477396,-11.051004470525369,1.9303501410894908,11.218331046763414
6.115493956195644,-11.066803710659014,1.8734005244210772,11.22424936889578
6.1207343109138925,-11.083831916764638,1.8165878380646006,11.231710525672156
6.125974665632141,-11.102064730478048,1.7598852949328474,11.240686701934429
6.131215020350388,-11.121471830714778,1.7032657867703291,11.251144387206338
6.136455375068636,-11.142017015739091,1.6467020493703024,11.263044473783268
6.141695729786885,-11.163658304279018,1.590166827321057,11.276342371239451
6.146936084505133,-11.186348055401808,1.5336330376050704,11.29098813703325
6.152176439223381,-11.21003310680503,1.4770739313810541,11.306926622846294
6.157416793941629,-11.234654931120374,1.420463253287847,11.324097636248482
6.162657148659878,-11.2601498097701,1.3637753976203677,11.342436117237789
6.167897503378126,-11.286449023860586,1.3069855607417058,11.361872329162605
6.173137858096374,-11.313479061543271,1.250069889111275,11.382332063493873
6.178378212814622,-11.34116184122108,1.1930056223274883,11.40373685787576
6.1836185675328705,-11.369414949927801,1.135771230603817,11.426004226846281
6.188858922251119,-11.398151896159856,1.0783465461198234,11.449047904584079
6.194099276969367,-11.427282376393407,1.020712887713433,11.472778099003555
6.199339631687615,-11.456712554476235,0.9628531784073945,11.497101756489005
6.2045799864058635,-11.486345353042456,0.9047520552913804,11.521922836528372
6.209820341124112,-11.516080756059514,0.8463959713114562,11.547142595479478
6.21506069584236,-11.545816121581058,0.7877732885505127,11.572659878675895
6.220301050560608,-11.57544650374623,0.7288743626167886,11.598371420055958
6.2255414052788565,-11.604864983036054,0.669691617792264,11.624172148477395
6.230781759997105,-11.633963003770456,0.6102196126289756,11.649955499860793
6.236022114715352,-11.662630717805905,0.5504550957184464,11.675613734288758
6.2412624694336,-11.69075733337294,0.490397051397701,11.70103825717328
6.2465028241518485,-11.718231467975802,0.4300467351944526,11.726119943592156
6.251743178870097,-11.74494150426243,0.3694076988538859,11.750749464886006
6.256983533588345,-11.770775947762662,0.3084858048298856,11.774817616600673
6.262223888306593,-11.795623785385539,0.24728923016442372,11.798215646855605
6.2674642430248415,-11.819374843562981,0.18582845971992418,11.82083558421702
6.27270459774309,-11.84192014492717,0.12411626877082106,11.842570564155636
6.277944952461338,-11.863152262412349,0.062167695001611546,11.863315153172028
6.283185307179586,-11.88296566967862,1.4552435871749807e-15,11.88296566967862
